,Gender,Age,Kindness,Patience,Honesty,Empathy,Selflessness
0,Female,27,5.0,6,5,7,4
1,Female,23,5.0,6,7,4,3
2,Female,29,5.0,5,7,4,5
3,Female,28,,6,4,5,5
4,Female,29,7.0,4,6,5,4
5,Female,28,,6,4,5,5
6,Female,29,7.0,4,6,5,4
7,Female,29,,5,7,4,5
8,Male,29,4.0,5,4,6,6
9,Male,27,7.0,4,7,3,2
10,Male,28,5.0,7,7,6,4
11,Female,29,6.0,6,7,5,4
12,Male,29,4.0,5,4,6,6
13,Female,29,6.0,6,7,5,4
14,Male,27,7.0,4,7,3,2
15,Male,28,,7,5,6,7
16,Female,29,7.0,4,6,5,4
17,Female,23,5.0,6,7,4,3
18,Male,28,,7,5,6,7
19,Male,28,5.0,7,5,6,7
20,Female,28,7.0,6,4,5,5
21,Male,28,5.0,7,7,6,4
22,Male,28,5.0,7,5,6,7
23,Female,23,5.0,6,7,4,3
24,Male,28,5.0,7,7,6,4
25,Male,28,5.0,7,7,6,4
26,Male,28,5.0,7,7,6,4
27,Female,23,5.0,6,7,4,3
28,Female,28,7.0,6,4,5,5
29,Female,27,5.0,6,5,7,4
30,Female,29,5.0,5,7,4,5
31,Female,29,7.0,4,6,5,4
32,Male,27,7.0,4,7,3,2
33,Male,28,5.0,7,5,6,7
34,Female,29,6.0,6,7,5,4
35,Male,27,7.0,4,7,3,2
36,Male,29,4.0,5,4,6,6
37,Female,29,,5,7,4,5
38,Female,29,7.0,4,6,5,4
39,Male,29,,5,4,6,6
40,Female,29,6.0,6,7,5,4
41,Female,29,6.0,6,7,5,4
42,Male,27,,4,7,3,2
43,Male,29,4.0,5,4,6,6
44,Female,29,5.0,5,7,4,5
45,Female,27,,6,5,7,4
46,Female,23,,6,7,4,3
47,Female,28,7.0,6,4,5,5
48,Female,27,5.0,6,5,7,4
49,Female,27,5.0,6,5,7,4
