emp_id,name,superior_emp_id,year_joined,emp_dept_id,gender,salary
1,Ishaan,-1,2011,20,F,1503
2,Ayaan,-1,2013,10,F,4447
3,Navya,2,2012,40,M,1570
4,Aarav,2,2012,30,M,3799
5,Ira,3,2016,40,F,2143
6,Ananya,5,2017,40,F,4234
7,Vihaan,2,2018,50,F,1927
8,Aarav,6,2020,40,M,4516
9,Pranav,3,2018,50,M,4107
10,Advik,-1,2010,20,F,3395
11,Saanvi,9,2017,40,M,4686
12,Ayaan,8,2014,40,M,1511
13,Ishaan,12,2012,10,F,3882
14,Vivaan,6,2013,10,F,3046
15,Advik,2,2020,40,M,4014
16,Ananya,10,2018,50,F,4407
17,Kabir,4,2018,40,F,2212
18,Anika,10,2017,50,M,3443
19,Aarav,12,2010,40,F,3550
20,Saanvi,10,2020,10,M,3806
21,Arnav,3,2015,20,M,1781
22,Aanya,4,2020,50,F,4496
23,Kabir,10,2018,50,M,1683
24,Aarav,7,2012,20,F,3302
25,Vihaan,9,2018,30,M,4881
26,Arnav,21,2019,50,M,3998
27,Aarush,24,2015,40,M,4735
28,Ritvik,25,2016,40,M,2299
29,Vivaan,21,2016,20,F,2012
30,Vivaan,28,2018,50,M,3795
31,Dhruv,23,2011,50,F,3821
32,Arnav,8,2017,30,F,4516
33,Ira,26,2019,40,F,2853
34,Aarav,19,2010,20,F,2766
35,Aadhya,28,2017,50,M,4072
36,Ananya,32,2015,20,F,4880
37,Aarav,14,2014,50,F,3671
38,Aanya,18,2011,30,F,1728
39,Navya,22,2013,40,F,1371
40,Diya,29,2015,40,M,3469
41,Ritvik,12,2013,10,M,3723
42,Advik,25,2020,10,M,4023
43,Arnav,26,2018,50,F,4734
44,Aarush,38,2017,40,M,3778
45,Vivaan,1,2013,50,F,3003
46,Arnav,8,2010,40,F,2225
47,Ayaan,6,2019,30,F,2134
48,Diya,29,2015,10,F,1833
49,Dhruv,6,2010,10,F,4879
50,Vivaan,46,2018,40,F,3071
51,Kabir,33,2016,50,M,3445
52,Diya,7,2013,30,M,3346
53,Aadhya,29,2015,40,F,3769
54,Navya,53,2011,30,M,1764
55,Navya,18,2010,10,F,2755
56,Aarush,9,2013,10,F,4748
57,Dhruv,3,2013,40,F,2307
58,Aarush,48,2020,40,F,1673
59,Diya,6,2020,50,F,3736
60,Ira,48,2020,10,F,4309
61,Diya,36,2019,50,F,4061
62,Ayaan,21,2015,30,M,1567
63,Aanya,57,2014,10,M,3863
64,Dhruv,36,2011,50,M,4194
65,Anika,46,2014,40,F,3640
66,Arnav,63,2020,40,F,4245
67,Aanya,33,2018,30,F,2641
68,Arnav,16,2016,40,M,3068
69,Advik,15,2019,10,M,4232
70,Dhruv,6,2016,30,M,1630
71,Ritvik,29,2020,50,F,4697
72,Vivaan,15,2016,30,F,2031
73,Aanya,65,2012,30,F,1787
74,Advik,64,2011,30,F,3010
75,Aadhya,34,2015,30,F,2110
76,Advik,2,2018,40,F,1321
77,Aadhya,43,2014,30,M,4668
78,Anika,17,2011,20,F,3195
79,Aadhya,73,2019,20,F,1792
80,Vivaan,34,2012,30,M,4806
81,Aarav,11,2019,20,F,3618
82,Vihaan,51,2017,40,F,3059
83,Aanya,13,2011,30,F,4487
84,Ishaan,26,2012,30,M,2779
85,Vivaan,59,2010,30,M,4518
86,Arnav,30,2011,30,F,2023
87,Arnav,79,2015,40,M,4530
88,Ritvik,16,2017,30,M,1514
89,Diya,3,2019,50,M,4551
90,Anika,11,2014,20,M,3538
91,Aadhya,70,2016,30,F,1948
92,Advik,34,2020,50,M,1967
93,Dhruv,1,2019,20,M,2661
94,Ananya,25,2011,50,M,1358
95,Aanya,56,2020,30,M,1631
96,Aanya,80,2012,10,M,1375
97,Ayaan,1,2010,50,F,2350
98,Ayaan,51,2018,50,M,2509
99,Anika,95,2012,10,F,4721
100,Ananya,77,2012,10,F,3241
101,Vihaan,38,2011,10,M,4342
102,Anika,31,2013,30,M,1720
103,Dhruv,42,2010,30,F,4733
104,Aarav,20,2013,20,M,1157
105,Aarush,11,2016,40,M,2333
106,Arnav,68,2017,20,F,1340
107,Diya,5,2020,20,F,4572
108,Aadhya,68,2016,20,F,1432
109,Arnav,64,2013,10,M,1673
110,Kabir,50,2020,40,M,1507
111,Dhruv,93,2010,30,F,4400
112,Advik,108,2016,40,F,4997
113,Navya,52,2015,20,M,4174
114,Diya,91,2017,50,F,2298
115,Ritvik,90,2013,30,F,2749
116,Kabir,53,2015,20,M,1801
117,Ayaan,58,2020,20,F,1279
118,Aarush,22,2012,20,M,3481
119,Arnav,69,2020,10,F,4721
120,Ritvik,60,2011,50,M,1566
121,Anika,27,2018,50,F,2939
122,Aadhya,79,2012,30,M,3783
123,Arnav,104,2015,20,M,4835
124,Vihaan,10,2015,20,F,3783
125,Advik,124,2011,40,F,3977
126,Aanya,36,2014,30,M,2188
127,Aanya,49,2015,20,F,3238
128,Aarav,27,2010,50,F,3773
129,Saanvi,42,2015,10,F,3197
130,Kabir,54,2014,50,M,1816
131,Diya,55,2013,40,F,4798
132,Vivaan,96,2011,10,M,2425
133,Aanya,91,2012,40,F,4720
134,Vihaan,81,2014,40,F,1230
135,Arnav,38,2012,30,F,2543
136,Aarush,25,2018,20,M,1311
137,Ayaan,56,2016,10,F,2602
138,Ritvik,68,2013,20,M,3846
139,Dhruv,105,2012,20,M,3589
140,Ananya,132,2016,20,M,3810
141,Ritvik,24,2011,20,F,2592
142,Pranav,140,2015,30,M,3558
143,Aarush,21,2020,30,F,4629
144,Vivaan,63,2010,40,F,3008
145,Aadhya,52,2013,20,M,2789
146,Arnav,91,2019,20,M,3236
147,Navya,119,2020,50,F,1141
148,Vivaan,97,2019,10,F,3275
149,Anika,10,2012,40,M,4390
150,Ritvik,112,2012,50,F,2922
151,Arnav,106,2013,50,F,3148
152,Vihaan,20,2010,20,M,4845
153,Saanvi,26,2015,30,M,1269
154,Dhruv,31,2017,50,M,4724
155,Navya,81,2012,50,M,1172
156,Ira,28,2012,10,M,4332
157,Aadhya,122,2012,30,M,3131
158,Aarav,44,2017,30,M,3408
159,Pranav,46,2012,20,M,4499
160,Aarush,134,2014,20,M,2396
161,Ritvik,102,2014,20,M,2309
162,Vivaan,116,2014,50,F,2810
163,Advik,60,2013,10,M,4283
164,Anika,56,2017,10,M,2232
165,Aarav,21,2020,10,F,4691
166,Aarav,78,2010,10,F,1395
167,Pranav,28,2017,10,M,2670
168,Anika,14,2020,30,F,3854
169,Kabir,146,2012,30,F,2012
170,Navya,22,2018,40,F,1264
171,Ira,158,2019,10,F,3679
172,Aadhya,79,2010,30,F,2031
173,Aadhya,2,2016,40,M,2055
174,Navya,92,2013,50,F,1615
175,Advik,166,2019,50,F,4111
176,Kabir,31,2020,10,M,2518
177,Aarush,67,2012,50,M,3761
178,Aarush,136,2015,20,M,1055
179,Vihaan,159,2014,50,F,1839
180,Diya,35,2020,20,M,3451
181,Aadhya,123,2013,40,M,3008
182,Vivaan,129,2013,20,F,1953
183,Vihaan,124,2020,50,M,2988
184,Kabir,35,2018,10,M,1238
185,Ananya,62,2010,30,M,1930
186,Aadhya,23,2020,30,F,4700
187,Diya,149,2013,40,M,3513
188,Vivaan,23,2010,30,M,1267
189,Advik,138,2017,30,F,1727
190,Pranav,1,2010,50,M,2995
191,Vivaan,23,2013,30,F,1107
192,Advik,33,2012,30,M,3746
193,Ananya,88,2018,40,F,4670
194,Saanvi,96,2011,40,F,4063
195,Vivaan,68,2012,10,M,4923
196,Vihaan,80,2019,10,F,1728
197,Anika,98,2018,10,M,2260
198,Diya,4,2016,20,M,2849
199,Anika,151,2015,40,M,2878
200,Ayaan,111,2014,50,F,4005
201,Saanvi,53,2016,50,M,3387
202,Kabir,38,2010,20,F,4550
203,Pranav,9,2015,10,F,4200
204,Aanya,17,2011,10,F,2803
205,Aarav,13,2017,10,M,3242
206,Ananya,49,2014,30,F,4033
207,Anika,164,2019,40,M,1617
208,Aarav,204,2011,20,F,1783
209,Anika,115,2020,20,F,2965
210,Kabir,145,2010,20,M,3998
211,Vihaan,162,2014,10,F,4365
212,Arnav,195,2015,50,F,4987
213,Ritvik,30,2013,10,M,4191
214,Saanvi,80,2010,10,F,2961
215,Ritvik,14,2012,50,F,1913
216,Dhruv,-1,2015,30,M,2505
217,Pranav,138,2013,50,M,1486
218,Kabir,111,2016,20,M,4006
219,Aadhya,136,2010,20,F,2646
220,Kabir,176,2015,20,M,4482
221,Saanvi,73,2012,20,M,2587
222,Anika,186,2016,50,F,3360
223,Anika,168,2012,20,M,4206
224,Vihaan,153,2016,10,M,4122
225,Pranav,120,2017,20,M,4832
226,Ishaan,91,2015,50,M,1418
227,Advik,132,2015,40,F,4269
228,Vihaan,123,2019,50,F,4405
229,Ritvik,149,2018,30,F,1367
230,Dhruv,10,2012,40,M,4452
231,Saanvi,122,2017,20,M,1857
232,Saanvi,75,2012,50,M,4213
233,Aarav,199,2011,50,M,1676
234,Advik,28,2011,20,F,4084
235,Ira,49,2014,40,M,1352
236,Navya,124,2017,20,M,4620
237,Aarav,107,2013,10,F,1610
238,Navya,221,2013,10,F,2612
239,Ritvik,60,2016,50,F,2862
240,Anika,64,2014,40,M,4818
241,Aarush,91,2014,30,M,4428
242,Navya,130,2015,20,M,4428
243,Ishaan,106,2013,20,M,3778
244,Ira,38,2013,20,M,2193
245,Vihaan,20,2011,30,M,1966
246,Ira,133,2012,30,F,3184
247,Kabir,152,2013,30,M,4575
248,Vihaan,30,2019,40,M,2101
249,Aarav,232,2018,50,F,3132
250,Diya,209,2010,20,F,2026
251,Dhruv,95,2014,20,M,4870
252,Aadhya,28,2011,30,M,1746
253,Ayaan,168,2010,10,F,3583
254,Advik,212,2016,50,M,2982
255,Aarav,140,2015,30,M,4655
256,Ira,116,2017,30,M,2208
257,Aarush,209,2012,10,F,1206
258,Advik,43,2015,20,F,1915
259,Ayaan,22,2010,50,M,1496
260,Pranav,199,2014,50,M,3228
261,Advik,30,2013,20,F,4004
262,Aanya,67,2011,20,M,3508
263,Aanya,213,2020,40,M,4243
264,Ritvik,18,2019,50,F,1230
265,Aanya,253,2016,30,M,4516
266,Diya,87,2014,20,F,1550
267,Aadhya,193,2012,50,M,1873
268,Navya,20,2016,20,M,3207
269,Aanya,198,2019,10,F,3037
270,Kabir,128,2020,20,M,2126
271,Aarush,106,2012,30,F,1519
272,Advik,19,2019,40,F,4999
273,Kabir,75,2014,10,M,4814
274,Ishaan,4,2017,50,F,1733
275,Ira,256,2019,20,M,2714
276,Arnav,130,2017,10,M,3974
277,Aanya,165,2019,10,M,2590
278,Diya,147,2015,40,M,4171
279,Aadhya,117,2015,10,F,1348
280,Aanya,111,2017,50,F,4677
281,Kabir,44,2017,20,M,3167
282,Anika,146,2019,50,F,1462
283,Ira,232,2010,30,F,4387
284,Aadhya,105,2010,10,M,2425
285,Pranav,183,2011,40,F,3989
286,Arnav,32,2012,50,M,4972
287,Advik,280,2020,30,F,3923
288,Aadhya,142,2015,50,M,4226
289,Ayaan,222,2013,30,F,2188
290,Aarav,66,2018,30,M,2433
291,Aarush,103,2018,50,M,2294
292,Vihaan,92,2020,20,M,3305
293,Aarush,164,2016,30,M,4361
294,Dhruv,292,2011,40,F,4629
295,Vihaan,151,2013,20,F,4818
296,Kabir,112,2014,50,F,1822
297,Vihaan,106,2012,10,M,2817
298,Aadhya,116,2013,50,M,1404
299,Aanya,292,2020,50,M,1093
300,Ayaan,138,2016,10,F,2889
301,Ira,114,2013,10,F,1744
302,Vihaan,86,2010,50,M,1607
303,Diya,140,2012,40,M,2625
304,Ayaan,278,2020,10,F,1160
305,Arnav,265,2013,40,F,2433
306,Kabir,160,2010,40,F,2194
307,Diya,61,2016,30,F,4019
308,Kabir,127,2014,40,F,4317
309,Ritvik,198,2014,20,M,4559
310,Diya,89,2015,40,M,4887
311,Ishaan,58,2014,20,F,3006
312,Ananya,226,2010,40,M,1939
313,Vihaan,286,2020,30,M,3957
314,Aanya,151,2017,20,M,2943
315,Aanya,153,2011,40,M,2179
316,Saanvi,287,2016,10,F,3090
317,Ishaan,33,2010,40,M,2393
318,Ananya,285,2017,40,M,3807
319,Ishaan,177,2010,40,M,1319
320,Ananya,103,2018,40,M,3041
321,Ayaan,301,2014,20,F,4664
322,Ananya,86,2011,30,M,1972
323,Ayaan,263,2011,30,M,3474
324,Dhruv,313,2010,20,F,3965
325,Vihaan,68,2016,10,F,2964
326,Ishaan,54,2020,20,M,4417
327,Pranav,69,2010,20,F,1699
328,Aarush,282,2013,30,M,2653
329,Aarush,112,2014,30,M,3219
330,Anika,100,2010,50,M,3608
331,Pranav,278,2010,50,M,3821
332,Vivaan,130,2017,40,F,1549
333,Saanvi,101,2017,20,M,1380
334,Aanya,41,2020,30,F,2024
335,Arnav,146,2016,10,F,4536
336,Diya,222,2015,30,M,2950
337,Ritvik,1,2010,20,M,1909
338,Ayaan,189,2012,50,F,3149
339,Aanya,90,2020,40,M,2266
340,Diya,143,2014,10,F,1557
341,Ishaan,134,2018,20,M,2715
342,Navya,90,2014,40,M,1666
343,Pranav,302,2015,10,F,3688
344,Kabir,158,2016,30,F,1659
345,Arnav,79,2019,20,M,1563
346,Ishaan,300,2017,40,F,2076
347,Dhruv,323,2020,40,M,4485
348,Kabir,77,2015,30,F,1097
349,Aarush,282,2011,20,F,3344
350,Vihaan,66,2010,50,F,2012
351,Ritvik,103,2010,20,M,4411
352,Advik,225,2011,10,F,1262
353,Ayaan,95,2019,40,F,2228
354,Dhruv,126,2013,50,M,1867
355,Vivaan,258,2016,40,F,3252
356,Kabir,59,2015,10,M,3521
357,Navya,339,2012,30,F,1329
358,Vihaan,231,2020,40,F,4747
359,Ritvik,281,2012,40,F,1835
360,Ritvik,350,2013,30,F,4979
361,Aanya,324,2020,20,F,1441
362,Ira,99,2016,30,M,2657
363,Advik,69,2012,10,M,2374
364,Vihaan,105,2017,10,M,2341
365,Aarav,198,2010,40,M,2352
366,Saanvi,47,2016,20,F,1117
367,Aanya,249,2014,20,M,2806
368,Ritvik,309,2015,40,F,3592
369,Ayaan,71,2011,40,M,1355
370,Saanvi,138,2018,30,F,1704
371,Ananya,269,2015,30,F,4768
372,Aadhya,353,2013,20,F,1205
373,Ira,353,2016,40,F,3862
374,Ayaan,202,2015,10,M,1200
375,Arnav,106,2013,20,M,4540
376,Pranav,285,2016,40,M,3156
377,Ayaan,328,2019,20,M,2316
378,Dhruv,227,2020,20,F,4781
379,Vihaan,67,2018,20,F,2358
380,Ritvik,200,2014,10,F,1777
381,Aarav,304,2013,30,M,3036
382,Ananya,26,2020,50,F,3431
383,Ananya,243,2020,30,M,4842
384,Pranav,93,2011,50,M,4740
385,Advik,207,2013,50,F,2526
386,Aadhya,318,2015,40,M,1138
387,Saanvi,164,2013,50,M,2935
388,Kabir,178,2010,20,M,2072
389,Navya,337,2018,50,M,2489
390,Vivaan,237,2018,10,F,3533
391,Ananya,24,2012,30,F,4603
392,Ishaan,32,2011,50,F,4681
393,Vivaan,91,2015,20,F,2141
394,Ritvik,190,2011,50,F,2657
395,Vivaan,229,2011,10,F,3343
396,Saanvi,308,2019,40,F,3517
397,Dhruv,119,2018,30,F,4225
398,Aarav,255,2020,50,F,2978
399,Navya,279,2012,10,F,4204
400,Dhruv,330,2013,50,F,2586
401,Pranav,286,2018,10,M,3996
402,Navya,369,2016,40,F,4253
403,Diya,40,2017,20,M,3357
404,Diya,62,2020,40,F,3343
405,Ira,137,2011,20,F,1831
406,Aanya,327,2010,50,M,1009
407,Arnav,62,2019,50,M,1387
408,Ishaan,238,2013,50,M,3296
409,Aanya,311,2011,20,F,1226
410,Aadhya,357,2017,10,M,2611
411,Diya,363,2018,30,M,3399
412,Navya,224,2015,50,M,2326
413,Ishaan,271,2011,30,F,4857
414,Aadhya,201,2018,30,M,3983
415,Aarav,183,2019,50,M,3233
416,Pranav,59,2015,10,F,2319
417,Ira,11,2013,40,M,3566
418,Ayaan,354,2013,40,F,1897
419,Diya,369,2020,20,M,4257
420,Aarush,129,2015,20,F,3918
421,Navya,334,2012,30,F,1143
422,Navya,80,2010,50,F,1508
423,Vivaan,114,2020,50,F,2730
424,Diya,389,2013,50,M,2909
425,Anika,190,2012,10,F,2448
426,Diya,162,2020,30,F,3733
427,Aarush,155,2010,50,M,1959
428,Anika,31,2015,20,M,2441
429,Arnav,12,2012,40,M,2801
430,Ira,328,2015,40,F,3878
431,Saanvi,327,2011,50,M,2621
432,Pranav,39,2010,50,F,2193
433,Saanvi,90,2011,50,M,4641
434,Ayaan,236,2019,20,M,3214
435,Ritvik,346,2017,20,F,1045
436,Ayaan,397,2013,40,M,3489
437,Advik,411,2013,50,F,4807
438,Diya,14,2019,30,M,4373
439,Navya,103,2013,20,M,1338
440,Aanya,265,2015,10,M,3591
441,Vivaan,251,2019,40,F,4217
442,Aadhya,405,2016,40,M,3111
443,Ishaan,55,2011,10,F,2647
444,Diya,373,2010,40,M,1385
445,Anika,176,2016,10,F,2614
446,Kabir,349,2016,30,M,2331
447,Saanvi,169,2019,10,F,2386
448,Aanya,408,2018,10,M,2099
449,Ishaan,150,2020,40,F,2780
450,Saanvi,118,2017,20,M,1115
451,Arnav,269,2010,10,F,3483
452,Anika,269,2017,10,F,1350
453,Aanya,363,2014,50,F,1126
454,Arnav,210,2015,50,F,4142
455,Aanya,439,2010,10,F,1823
456,Ira,311,2013,30,M,1987
457,Ayaan,404,2013,40,M,1874
458,Ishaan,102,2016,20,M,1819
459,Vihaan,175,2019,40,M,3473
460,Vivaan,264,2013,10,M,4777
461,Ananya,221,2013,30,F,3099
462,Ritvik,60,2015,10,F,3022
463,Vivaan,356,2014,40,F,4951
464,Anika,230,2013,40,F,3971
465,Ishaan,219,2012,50,F,3321
466,Kabir,232,2012,20,M,4122
467,Aarush,180,2019,20,F,1744
468,Kabir,122,2011,50,M,3686
469,Arnav,332,2012,10,M,3745
470,Navya,151,2017,30,M,3420
471,Aarav,99,2014,50,F,2895
472,Aarush,282,2019,10,M,2681
473,Vivaan,359,2010,20,M,3421
474,Dhruv,311,2012,50,M,3303
475,Aarav,229,2014,10,F,1700
476,Ayaan,414,2013,30,M,4967
477,Diya,334,2012,50,F,1089
478,Ayaan,227,2016,40,F,2687
479,Vihaan,7,2018,50,M,3914
480,Aarush,324,2018,10,F,3133
481,Saanvi,314,2017,30,M,3872
482,Ira,53,2019,30,M,2181
483,Advik,276,2010,30,M,1201
484,Saanvi,135,2011,10,F,3483
485,Aadhya,310,2016,50,M,1619
486,Anika,139,2019,30,F,2478
487,Anika,-1,2018,30,F,1687
488,Ritvik,354,2012,40,F,1325
489,Ananya,318,2019,40,F,3284
490,Aadhya,327,2013,40,M,3958
491,Ishaan,19,2020,10,M,2940
492,Ira,391,2010,20,F,1328
493,Ishaan,152,2020,30,M,1115
494,Pranav,361,2015,50,F,1935
495,Diya,342,2012,40,F,4709
496,Dhruv,1,2013,30,F,1040
497,Ira,206,2012,20,M,4717
498,Diya,409,2019,10,F,2280
499,Ananya,401,2019,10,M,3802
500,Navya,169,2013,10,M,1844
501,Arnav,88,2015,30,M,3090
502,Vihaan,119,2011,20,F,2988
503,Saanvi,175,2014,40,F,4496
504,Ira,353,2020,10,F,3629
505,Saanvi,169,2018,40,F,2167
506,Diya,279,2020,10,F,4741
507,Navya,405,2019,30,F,3781
508,Arnav,458,2015,40,M,1604
509,Ananya,233,2011,10,M,2201
510,Diya,40,2018,20,F,1681
511,Ananya,343,2019,30,F,2606
512,Dhruv,116,2014,10,F,1182
513,Ayaan,322,2020,40,F,3648
514,Diya,170,2020,50,M,3700
515,Saanvi,303,2016,40,M,3430
516,Ayaan,451,2015,40,M,1708
517,Ira,505,2012,50,F,4420
518,Aadhya,232,2016,50,F,4745
519,Dhruv,6,2020,40,F,3557
520,Anika,295,2015,50,F,3934
521,Aadhya,38,2012,20,M,1300
522,Arnav,439,2010,50,M,4797
523,Aarush,349,2013,20,F,2046
524,Ayaan,470,2013,40,F,3223
525,Arnav,166,2013,10,M,4728
526,Pranav,53,2019,20,M,3875
527,Dhruv,424,2010,10,F,4464
528,Ishaan,385,2010,30,M,2778
529,Anika,143,2016,10,M,2864
530,Pranav,152,2012,30,M,1685
531,Pranav,308,2017,30,F,3628
532,Kabir,238,2013,20,F,1415
533,Pranav,84,2012,30,F,1106
534,Advik,165,2019,40,F,1523
535,Vivaan,301,2020,20,M,2514
536,Ananya,406,2010,50,F,2178
537,Advik,170,2011,40,M,4666
538,Ananya,363,2010,20,M,2657
539,Anika,245,2010,30,M,4392
540,Arnav,495,2010,20,F,4630
541,Aadhya,312,2018,10,M,2801
542,Navya,20,2016,50,F,3950
543,Vivaan,320,2018,10,F,3802
544,Navya,150,2016,50,F,1537
545,Diya,300,2015,10,F,2357
546,Aarush,85,2012,30,F,2265
547,Dhruv,308,2017,10,M,4685
548,Aadhya,431,2019,50,F,2284
549,Ira,493,2016,10,F,1129
550,Ayaan,222,2015,40,F,3603
551,Navya,246,2012,10,M,1408
552,Ishaan,114,2019,20,F,3781
553,Ananya,530,2011,40,F,2134
554,Ananya,523,2016,20,M,1733
555,Aadhya,197,2020,20,M,4455
556,Aarush,459,2012,40,M,4420
557,Diya,369,2016,30,M,1189
558,Kabir,104,2019,40,F,4554
559,Dhruv,304,2019,40,F,4537
560,Ira,101,2015,10,M,2861
561,Aarav,533,2011,30,M,4194
562,Dhruv,29,2011,50,M,3517
563,Ishaan,435,2010,50,M,4326
564,Vihaan,6,2017,50,M,3397
565,Pranav,14,2018,30,M,3149
566,Kabir,243,2012,40,F,2283
567,Saanvi,469,2010,20,F,4394
568,Dhruv,159,2012,10,F,3671
569,Ayaan,193,2014,50,F,2050
570,Dhruv,405,2013,40,F,4262
571,Advik,295,2012,40,M,2778
572,Navya,243,2013,10,F,3951
573,Aanya,122,2017,50,M,4793
574,Aarush,417,2013,30,M,3534
575,Vihaan,98,2019,40,M,4234
576,Kabir,203,2011,40,F,1036
577,Aarush,301,2015,40,F,4103
578,Aarav,478,2010,30,M,1368
579,Ritvik,118,2017,50,M,4885
580,Aarav,108,2010,10,M,2834
581,Vivaan,157,2010,40,F,3268
582,Vihaan,95,2010,30,F,4911
583,Navya,321,2013,50,M,1706
584,Saanvi,288,2020,20,M,2667
585,Kabir,299,2014,20,F,4278
586,Saanvi,245,2015,20,F,1493
587,Pranav,502,2019,50,M,1292
588,Aadhya,529,2018,10,M,2758
589,Ananya,468,2016,10,M,2278
590,Aanya,252,2015,20,F,1800
591,Navya,107,2018,30,M,2856
592,Ayaan,163,2020,40,F,2558
593,Saanvi,17,2014,20,F,2817
594,Ira,40,2010,10,F,2680
595,Kabir,316,2010,50,F,1933
596,Dhruv,13,2010,30,F,3656
597,Anika,553,2011,40,M,3424
598,Ayaan,340,2016,20,M,3597
599,Vivaan,142,2014,30,M,3864
600,Ritvik,385,2014,10,F,4291
601,Pranav,521,2010,10,M,4103
602,Kabir,216,2017,20,M,3019
603,Diya,335,2012,10,F,2693
604,Ananya,358,2015,50,M,3581
605,Ananya,109,2014,20,F,2487
606,Dhruv,432,2020,10,F,1945
607,Arnav,163,2015,30,M,1962
608,Advik,147,2010,40,F,4895
609,Anika,43,2017,50,F,2250
610,Anika,291,2020,40,M,3471
611,Kabir,61,2012,10,F,1357
612,Ritvik,26,2013,10,F,3968
613,Advik,119,2012,10,M,1307
614,Aarav,145,2011,50,F,1213
615,Arnav,484,2019,30,F,3799
616,Anika,30,2019,40,F,1411
617,Aadhya,159,2010,10,F,2347
618,Saanvi,324,2020,20,F,4893
619,Arnav,330,2020,10,F,2381
620,Arnav,6,2018,40,M,2168
621,Aadhya,84,2011,20,M,4572
622,Aarav,359,2011,20,M,4572
623,Ritvik,142,2020,30,F,2914
624,Advik,344,2015,50,F,3417
625,Ritvik,337,2018,10,M,1096
626,Aadhya,90,2020,20,M,4044
627,Navya,412,2020,40,M,4717
628,Ishaan,422,2011,20,F,1809
629,Ishaan,185,2014,30,M,1285
630,Pranav,126,2016,40,M,2201
631,Aarush,144,2016,50,F,4933
632,Aarush,547,2018,50,F,2009
633,Kabir,416,2020,30,M,3494
634,Aarush,374,2013,20,M,4148
635,Aarav,603,2012,50,M,3760
636,Advik,236,2013,10,M,3079
637,Ayaan,540,2017,10,M,4252
638,Diya,287,2015,50,M,2100
639,Dhruv,57,2016,50,F,3338
640,Ananya,69,2013,30,M,3934
641,Pranav,571,2010,40,F,1741
642,Ira,559,2018,50,M,3674
643,Aarav,601,2016,30,F,3609
644,Aanya,188,2015,20,F,1587
645,Saanvi,563,2012,50,F,2315
646,Navya,30,2014,20,M,2123
647,Aanya,108,2010,20,F,1419
648,Ananya,367,2016,40,F,4474
649,Pranav,80,2019,30,F,4309
650,Arnav,508,2012,20,M,2164
651,Vivaan,589,2015,10,F,3448
652,Aarush,472,2017,30,F,2234
653,Aadhya,303,2012,10,M,2496
654,Ritvik,520,2015,10,F,1184
655,Ayaan,335,2017,20,F,4819
656,Aadhya,446,2011,30,F,4968
657,Ritvik,187,2011,20,F,4330
658,Ritvik,31,2017,40,F,1715
659,Ayaan,413,2014,50,M,1571
660,Pranav,352,2015,10,F,4450
661,Aadhya,189,2017,10,F,4446
662,Ishaan,557,2015,10,M,3609
663,Ira,468,2010,10,M,2335
664,Saanvi,97,2017,30,M,4738
665,Navya,474,2010,50,F,4553
666,Vihaan,660,2020,10,M,1891
667,Dhruv,522,2012,30,M,3409
668,Aarav,340,2011,10,M,2433
669,Pranav,506,2012,30,F,3015
670,Aanya,630,2020,10,F,4857
671,Ritvik,315,2011,50,F,1145
672,Diya,71,2013,10,F,1294
673,Pranav,305,2015,10,F,2181
674,Vihaan,515,2015,50,M,3045
675,Aarav,465,2019,20,M,3084
676,Aanya,206,2017,50,M,4904
677,Ritvik,310,2010,30,F,1340
678,Aarav,675,2015,10,F,4006
679,Anika,551,2016,10,F,3887
680,Ananya,164,2015,20,M,2194
681,Diya,361,2017,20,M,2810
682,Aarav,379,2013,30,M,3259
683,Ananya,486,2014,20,F,3576
684,Advik,351,2020,20,F,3906
685,Vihaan,669,2017,10,F,2298
686,Vivaan,314,2010,30,F,3880
687,Ayaan,425,2014,10,M,2283
688,Aarav,347,2011,50,M,2902
689,Vivaan,664,2018,40,M,4945
690,Arnav,80,2013,20,M,2008
691,Advik,125,2015,40,M,3443
692,Arnav,131,2016,10,F,3694
693,Ananya,18,2018,10,M,2563
694,Ananya,481,2010,30,F,2103
695,Aanya,257,2017,50,F,1755
696,Ananya,624,2013,20,F,1132
697,Ishaan,379,2014,20,M,3156
698,Ira,54,2018,40,F,3333
699,Aarav,418,2010,10,F,2306
700,Aadhya,608,2015,20,M,4224
701,Aadhya,96,2015,10,M,2111
702,Ishaan,647,2016,20,M,2319
703,Vihaan,547,2013,30,F,3235
704,Aanya,378,2020,30,M,4097
705,Vivaan,153,2012,50,M,2946
706,Aadhya,392,2012,40,F,3241
707,Saanvi,252,2012,10,M,4328
708,Navya,67,2017,20,M,4207
709,Ishaan,435,2011,40,F,4310
710,Saanvi,439,2010,50,F,2930
711,Ritvik,412,2011,50,F,2595
712,Ritvik,33,2012,50,F,2410
713,Ananya,623,2013,50,M,2478
714,Vihaan,339,2011,30,F,4890
715,Pranav,5,2017,40,F,1270
716,Anika,592,2014,10,M,1452
717,Kabir,640,2018,50,F,3464
718,Kabir,63,2011,10,F,3699
719,Vivaan,2,2012,30,F,4086
720,Ira,34,2016,20,F,3245
721,Diya,483,2010,30,M,1576
722,Ananya,635,2013,40,F,1056
723,Pranav,189,2010,10,M,1199
724,Vivaan,329,2015,40,F,3448
725,Aarush,249,2016,20,M,3674
726,Navya,194,2020,30,M,2168
727,Arnav,2,2016,30,F,3620
728,Ritvik,377,2015,40,M,2302
729,Kabir,477,2012,10,M,2617
730,Ananya,95,2010,30,M,3688
731,Anika,345,2014,10,M,2609
732,Aadhya,483,2018,50,M,3856
733,Advik,668,2010,20,M,3213
734,Navya,445,2017,10,M,1138
735,Vivaan,42,2015,20,F,4273
736,Ira,658,2019,50,M,2604
737,Aarush,433,2014,40,M,3991
738,Aadhya,662,2012,20,F,3639
739,Aanya,652,2010,10,F,3124
740,Advik,581,2017,30,F,4903
741,Ira,165,2019,20,F,4371
742,Navya,73,2017,30,F,3827
743,Ananya,296,2015,30,F,4696
744,Anika,455,2012,30,F,2577
745,Vivaan,454,2012,50,M,2238
746,Ayaan,223,2015,40,F,4533
747,Saanvi,251,2012,30,M,2486
748,Ananya,27,2016,40,F,3737
749,Ritvik,133,2010,30,F,4591
750,Ishaan,424,2016,10,M,1309
751,Ritvik,164,2017,30,F,2898
752,Vivaan,223,2012,50,F,4665
753,Arnav,351,2017,30,M,2695
754,Ishaan,669,2018,30,F,1405
755,Vivaan,610,2016,20,F,3224
756,Navya,206,2010,20,M,1385
757,Saanvi,216,2013,30,F,1852
758,Vihaan,621,2020,10,M,2157
759,Vihaan,300,2011,50,F,4915
760,Anika,325,2016,30,F,4111
761,Advik,611,2016,20,F,4016
762,Diya,364,2016,30,F,2120
763,Aarush,682,2016,50,M,1905
764,Anika,526,2012,20,F,3950
765,Diya,628,2015,40,F,4971
766,Ayaan,626,2017,10,F,1533
767,Anika,698,2010,30,F,3366
768,Aadhya,32,2019,20,F,3873
769,Aarav,232,2019,40,F,1139
770,Saanvi,346,2012,20,F,4520
771,Ira,187,2019,10,M,1236
772,Pranav,253,2016,20,M,2958
773,Ira,175,2012,10,F,3935
774,Kabir,347,2012,50,M,4152
775,Ananya,290,2013,10,F,3716
776,Aanya,416,2017,10,M,3402
777,Diya,291,2019,20,M,3120
778,Anika,512,2019,30,F,1989
779,Ishaan,511,2020,20,F,2163
780,Saanvi,159,2016,30,M,1405
781,Aadhya,24,2016,10,F,2565
782,Kabir,485,2017,10,F,4046
783,Kabir,142,2013,20,F,1036
784,Ayaan,58,2015,40,M,4472
785,Vivaan,377,2014,30,M,1858
786,Saanvi,338,2011,50,F,1311
787,Vihaan,17,2016,50,F,1059
788,Vihaan,516,2012,30,F,1119
789,Advik,485,2016,20,M,3184
790,Arnav,648,2019,20,M,3851
791,Diya,550,2019,50,M,4727
792,Ananya,339,2017,50,F,3353
793,Aadhya,386,2010,50,M,1317
794,Ananya,778,2014,20,M,3730
795,Ayaan,310,2018,10,M,1822
796,Aadhya,504,2018,20,M,4297
797,Advik,54,2010,20,M,4623
798,Aarush,649,2014,50,F,4449
799,Ritvik,271,2013,10,F,1119
800,Vivaan,542,2016,30,F,4472
801,Pranav,300,2011,40,M,4360
802,Aarav,64,2017,30,F,1165
803,Ishaan,350,2016,10,F,1736
804,Dhruv,538,2013,30,F,2775
805,Anika,595,2011,40,F,3645
806,Ishaan,344,2013,30,M,2292
807,Saanvi,105,2013,40,M,3241
808,Ishaan,530,2014,40,M,2676
809,Ishaan,187,2013,20,F,1126
810,Ritvik,770,2012,40,F,2774
811,Anika,382,2013,10,M,3608
812,Ayaan,374,2018,30,F,1407
813,Advik,91,2019,30,M,4063
814,Aarush,110,2018,10,F,4122
815,Ayaan,702,2018,30,F,4466
816,Aarav,210,2014,50,F,1734
817,Anika,187,2011,10,F,3679
818,Ananya,75,2015,30,F,2219
819,Ananya,59,2011,30,F,1833
820,Ritvik,561,2010,10,M,3884
821,Ira,116,2010,50,M,3891
822,Vihaan,388,2012,10,F,3614
823,Ritvik,671,2011,20,F,3024
824,Vivaan,264,2015,40,M,3963
825,Aarav,718,2014,10,F,3250
826,Aarav,28,2011,50,M,3883
827,Ananya,143,2011,40,M,4217
828,Aadhya,476,2019,50,M,1881
829,Advik,581,2020,50,F,4723
830,Ananya,686,2013,30,F,4519
831,Navya,464,2010,50,M,1315
832,Pranav,323,2012,10,M,3928
833,Advik,816,2010,30,F,1204
834,Vihaan,152,2010,10,F,2080
835,Ananya,163,2016,50,M,3776
836,Advik,202,2010,20,F,4753
837,Vihaan,819,2014,10,F,3688
838,Aarush,502,2011,20,M,4035
839,Saanvi,353,2016,40,M,3008
840,Aadhya,397,2010,30,M,3504
841,Ira,596,2019,50,M,3148
842,Dhruv,146,2014,20,F,1390
843,Aarav,439,2014,40,M,1989
844,Ritvik,323,2018,20,F,2458
845,Ritvik,543,2014,30,F,3042
846,Aadhya,803,2014,30,F,3436
847,Saanvi,467,2012,40,F,3046
848,Diya,446,2020,10,F,4628
849,Ishaan,685,2010,50,M,2548
850,Aanya,757,2018,50,M,4365
851,Aarush,108,2017,30,F,3767
852,Diya,780,2016,10,F,3003
853,Ananya,139,2017,20,M,3718
854,Navya,2,2017,40,F,2290
855,Ayaan,321,2011,20,F,3485
856,Ishaan,718,2017,20,M,2970
857,Ananya,835,2014,20,F,1480
858,Aarush,147,2014,50,F,2541
859,Arnav,545,2015,10,M,1086
860,Vihaan,792,2015,20,M,4726
861,Aanya,764,2011,20,F,4413
862,Ishaan,459,2012,40,F,3912
863,Anika,205,2020,50,M,4353
864,Advik,472,2010,20,M,3731
865,Ayaan,138,2013,30,F,2526
866,Advik,671,2018,20,M,1929
867,Aadhya,511,2019,40,F,4115
868,Advik,231,2014,10,M,3903
869,Arnav,732,2010,40,F,1208
870,Aarush,232,2012,40,F,2961
871,Pranav,257,2015,20,F,2617
872,Ritvik,698,2016,30,F,1670
873,Aadhya,361,2019,40,M,4402
874,Navya,324,2017,10,M,1172
875,Diya,72,2015,30,M,4029
876,Pranav,641,2018,40,M,3635
877,Saanvi,685,2010,30,M,3607
878,Ritvik,127,2014,20,M,1554
879,Arnav,166,2012,40,M,3976
880,Ishaan,84,2014,50,M,2265
881,Aarav,667,2019,10,M,3346
882,Aarush,321,2014,40,F,2772
883,Ayaan,23,2020,50,F,3985
884,Arnav,667,2011,40,F,4560
885,Arnav,819,2020,20,F,3034
886,Ayaan,443,2010,40,F,4712
887,Ayaan,796,2013,20,F,4415
888,Aadhya,879,2015,40,F,3767
889,Ira,751,2020,20,F,2657
890,Ritvik,851,2014,10,M,3373
891,Ananya,438,2010,20,M,3670
892,Ayaan,643,2013,10,F,1998
893,Advik,542,2014,10,F,2572
894,Ritvik,211,2014,30,M,4836
895,Aanya,849,2016,10,M,1919
896,Vivaan,852,2013,30,F,2220
897,Dhruv,594,2010,30,M,1923
898,Arnav,191,2017,30,F,2076
899,Aanya,261,2012,40,F,2420
900,Pranav,454,2020,20,M,1015
901,Aadhya,477,2012,50,M,3321
902,Dhruv,361,2019,20,F,1080
903,Navya,184,2012,30,M,1771
904,Navya,166,2018,50,M,1604
905,Vihaan,811,2014,10,F,4225
906,Ira,345,2020,50,F,4024
907,Kabir,22,2019,20,M,3157
908,Dhruv,257,2016,50,M,2212
909,Vihaan,13,2012,30,M,2425
910,Aadhya,723,2020,20,M,1381
911,Vihaan,282,2014,50,F,3878
912,Pranav,406,2017,50,M,3121
913,Saanvi,335,2012,20,F,2315
914,Ritvik,288,2011,20,M,3287
915,Anika,601,2010,50,F,3284
916,Ishaan,139,2017,10,M,4929
917,Advik,419,2020,40,M,3362
918,Ritvik,45,2015,40,M,4124
919,Navya,807,2018,50,F,1792
920,Diya,143,2018,30,F,3552
921,Saanvi,192,2016,30,M,1414
922,Aanya,140,2020,10,M,1699
923,Kabir,588,2014,30,F,3045
924,Aarav,456,2010,30,M,3946
925,Ananya,244,2017,50,F,1008
926,Arnav,601,2016,10,M,3750
927,Ira,870,2010,40,F,3768
928,Aarav,768,2018,30,F,2793
929,Saanvi,554,2010,30,F,1001
930,Ira,474,2018,20,F,2736
931,Ayaan,295,2011,20,M,1401
932,Kabir,15,2019,20,M,2896
933,Ananya,813,2020,40,F,1647
934,Dhruv,58,2015,20,F,2262
935,Anika,364,2011,10,M,2128
936,Advik,785,2015,40,M,3952
937,Advik,91,2014,40,F,1362
938,Advik,766,2016,30,M,1755
939,Ira,742,2011,40,F,1959
940,Dhruv,608,2013,30,F,1581
941,Arnav,347,2019,50,F,3939
942,Aarush,281,2016,20,M,4671
943,Saanvi,706,2017,40,F,3995
944,Aarav,581,2019,30,F,4861
945,Aanya,740,2010,30,M,1201
946,Ishaan,170,2015,40,F,3096
947,Ishaan,472,2014,50,M,3464
948,Aanya,638,2014,30,M,4561
949,Aanya,447,2018,40,F,1766
950,Aarav,617,2012,50,F,2919
951,Dhruv,49,2018,50,F,3339
952,Kabir,219,2011,50,M,1002
953,Advik,530,2011,50,F,4795
954,Diya,760,2012,20,M,2273
955,Diya,813,2013,40,M,2514
956,Ishaan,76,2013,30,M,4984
957,Vihaan,398,2019,40,M,4044
958,Vivaan,532,2010,30,M,3590
959,Anika,771,2011,20,F,2664
960,Ayaan,274,2018,20,M,3526
961,Aarush,873,2018,20,M,3346
962,Pranav,70,2012,10,F,2863
963,Dhruv,924,2013,50,F,3287
964,Aarav,174,2016,30,F,3648
965,Advik,698,2018,20,M,3322
966,Aarush,631,2013,50,M,3855
967,Anika,731,2013,30,M,4516
968,Diya,681,2015,30,M,4084
969,Pranav,580,2010,40,M,2223
970,Aanya,183,2018,50,M,4273
971,Advik,52,2018,40,M,4146
972,Ishaan,7,2013,40,M,3276
973,Dhruv,936,2016,50,F,2584
974,Ira,306,2013,50,F,1404
975,Diya,667,2013,30,M,3570
976,Anika,643,2012,50,F,2686
977,Advik,142,2010,30,M,2899
978,Ayaan,480,2013,10,F,3595
979,Pranav,144,2018,40,M,1413
980,Vihaan,393,2020,20,F,4378
981,Ishaan,802,2015,40,M,2141
982,Kabir,388,2014,20,M,2501
983,Ira,258,2010,20,F,2936
984,Ananya,244,2012,50,M,3750
985,Aarush,170,2014,30,F,2743
986,Vivaan,585,2019,20,F,3361
987,Diya,620,2012,30,F,2493
988,Navya,765,2013,20,F,1875
989,Ayaan,608,2015,40,F,3149
990,Ritvik,452,2010,30,F,1242
991,Dhruv,944,2014,10,M,1817
992,Aanya,345,2017,20,F,3161
993,Ritvik,700,2011,40,F,3946
994,Aarush,681,2015,40,F,4934
995,Ritvik,764,2020,40,F,2709
996,Ishaan,271,2014,20,F,1111
997,Navya,215,2014,50,M,2800
998,Arnav,376,2016,30,M,2904
999,Vihaan,494,2019,50,F,3653
1000,Ritvik,295,2017,10,M,1147