RecordNumber,Country,City,Zipcode,State
1,India,Mumbai,400001,MH
2,India,Pune,411001,MH
3,India,Nagpur,440001,MH
4,India,Lucknow,226001,UP
5,India,Kanpur,208001,UP
6,India,Agra,282001,UP
7,India,Bengaluru,560001,KA
8,India,Mysore,570001,KA
9,India,Mangalore,575001,KA
10,India,Chennai,600001,TN
11,India,Coimbatore,641001,TN
12,India,Madurai,625001,TN
13,India,Kolkata,700001,WB
14,India,Asansol,713301,WB
15,India,Durgapur,713201,WB
16,India,Hyderabad,500001,TG
17,India,Warangal,506002,TG
18,India,Nizamabad,503001,TG
19,India,Jaipur,302001,RJ
20,India,Jodhpur,342001,RJ
21,India,Udaipur,313001,RJ
22,India,Bhopal,462001,MP
23,India,Indore,452001,MP
24,India,Gwalior,474001,MP
25,India,Ahmedabad,380001,GJ
26,India,Surat,395003,GJ
27,India,Vadodara,390001,GJ
28,India,Patna,800001,BR
29,India,Gaya,823001,BR
30,India,Bhagalpur,812002,BR
31,India,Dehradun,248001,UK
32,India,Haridwar,249401,UK
33,India,Roorkee,247667,UK
